<?xml version="1.0"?>
<?mso-application progid="Excel.Sheet"?>
<Workbook xmlns="urn:schemas-microsoft-com:office:spreadsheet"
 xmlns:o="urn:schemas-microsoft-com:office:office"
 xmlns:x="urn:schemas-microsoft-com:office:excel"
 xmlns:ss="urn:schemas-microsoft-com:office:spreadsheet"
 xmlns:html="http://www.w3.org/TR/REC-html40">
 <DocumentProperties xmlns="urn:schemas-microsoft-com:office:office">
  <Version>16.00</Version>
 </DocumentProperties>
 <OfficeDocumentSettings xmlns="urn:schemas-microsoft-com:office:office">
  <AllowPNG/>
 </OfficeDocumentSettings>
 <ExcelWorkbook xmlns="urn:schemas-microsoft-com:office:excel">
  <WindowHeight>8988</WindowHeight>
  <WindowWidth>23040</WindowWidth>
  <WindowTopX>32767</WindowTopX>
  <WindowTopY>32767</WindowTopY>
  <ProtectStructure>False</ProtectStructure>
  <ProtectWindows>False</ProtectWindows>
 </ExcelWorkbook>
 <Styles>
  <Style ss:ID="Default" ss:Name="Normal">
   <Alignment ss:Vertical="Bottom"/>
   <Borders/>
   <Font ss:FontName="Calibri" x:Family="Swiss" ss:Size="11" ss:Color="#000000"/>
   <Interior/>
   <NumberFormat/>
   <Protection/>
  </Style>
  <Style ss:ID="s64">
   <Borders>
    <Border ss:Position="Bottom" ss:LineStyle="Continuous" ss:Weight="1"/>
    <Border ss:Position="Left" ss:LineStyle="Continuous" ss:Weight="1"/>
    <Border ss:Position="Right" ss:LineStyle="Continuous" ss:Weight="1"/>
    <Border ss:Position="Top" ss:LineStyle="Continuous" ss:Weight="1"/>
   </Borders>
   <Font ss:FontName="Calibri" x:Family="Swiss" ss:Size="11" ss:Color="#000000"
    ss:Bold="1"/>
   <Interior ss:Color="#FCE4D6" ss:Pattern="Solid"/>
  </Style>
  <Style ss:ID="s65">
   <Borders>
    <Border ss:Position="Bottom" ss:LineStyle="Continuous" ss:Weight="1"/>
    <Border ss:Position="Left" ss:LineStyle="Continuous" ss:Weight="1"/>
    <Border ss:Position="Right" ss:LineStyle="Continuous" ss:Weight="1"/>
    <Border ss:Position="Top" ss:LineStyle="Continuous" ss:Weight="1"/>
   </Borders>
  </Style>
  <Style ss:ID="s67">
   <Alignment ss:Horizontal="Center" ss:Vertical="Bottom"/>
   <Borders>
    <Border ss:Position="Bottom" ss:LineStyle="Continuous" ss:Weight="1"/>
    <Border ss:Position="Left" ss:LineStyle="Continuous" ss:Weight="1"/>
    <Border ss:Position="Right" ss:LineStyle="Continuous" ss:Weight="1"/>
    <Border ss:Position="Top" ss:LineStyle="Continuous" ss:Weight="1"/>
   </Borders>
   <NumberFormat/>
  </Style>
 </Styles>
 <Worksheet ss:Name="Table1">
  <Table ss:ExpandedColumnCount="3" ss:ExpandedRowCount="9" x:FullColumns="1"
   x:FullRows="1" ss:DefaultRowHeight="14.4">
   <Column ss:AutoFitWidth="0" ss:Width="109.8" ss:Span="2"/>
   <Row>
    <Cell ss:StyleID="s64"><Data ss:Type="String">company_name</Data></Cell>
    <Cell ss:StyleID="s64"><Data ss:Type="String">Names</Data></Cell>
    <Cell ss:StyleID="s64"><Data ss:Type="String">Investor/Advisor</Data></Cell>
   </Row>
   <Row>
    <Cell ss:StyleID="s65"><Data ss:Type="String">Springfield Syndicators</Data></Cell>
    <Cell ss:StyleID="s65"><Data ss:Type="String">Montgomery    Burns</Data></Cell>
    <Cell ss:StyleID="s65"><Data ss:Type="String">investor</Data></Cell>
   </Row>
   <Row>
    <Cell ss:StyleID="s65"><Data ss:Type="String">Iron Investors</Data></Cell>
    <Cell ss:StyleID="s65"><Data ss:Type="String">Anthony    Stark</Data></Cell>
    <Cell ss:StyleID="s65"><Data ss:Type="String">investor</Data></Cell>
   </Row>
   <Row>
    <Cell ss:StyleID="s65"><Data ss:Type="String">Chocolate Ventures</Data></Cell>
    <Cell ss:StyleID="s65"><Data ss:Type="String">William    Wonka</Data></Cell>
    <Cell ss:StyleID="s65"><Data ss:Type="String">investor</Data></Cell>
   </Row>
   <Row>
    <Cell ss:StyleID="s67"><Data ss:Type="Number">1</Data></Cell>
    <Cell ss:StyleID="s65"><Data ss:Type="String">Barry    Beenthere</Data></Cell>
    <Cell ss:StyleID="s65"><Data ss:Type="String">advisor</Data></Cell>
   </Row>
   <Row>
    <Cell ss:StyleID="s67"><Data ss:Type="Number">0</Data></Cell>
    <Cell ss:StyleID="s65"><Data ss:Type="String">Cindy    Smartypants</Data></Cell>
    <Cell ss:StyleID="s65"><Data ss:Type="String">advisor</Data></Cell>
   </Row>
   <Row>
    <Cell ss:StyleID="s67"><Data ss:Type="Number">0</Data></Cell>
    <Cell ss:StyleID="s65"><Data ss:Type="String">Mary    Moneybags</Data></Cell>
    <Cell ss:StyleID="s65"><Data ss:Type="String">advisor</Data></Cell>
   </Row>
   <Row>
    <Cell ss:StyleID="s67"><Data ss:Type="Number">0</Data></Cell>
    <Cell ss:StyleID="s65"><Data ss:Type="String">Walter    White</Data></Cell>
    <Cell ss:StyleID="s65"><Data ss:Type="String">advisor</Data></Cell>
   </Row>
   <Row>
    <Cell ss:StyleID="s65"/>
    <Cell ss:StyleID="s65"/>
    <Cell ss:StyleID="s65"/>
   </Row>
  </Table>
  <WorksheetOptions xmlns="urn:schemas-microsoft-com:office:excel">
   <Selected/>
   <Panes>
    <Pane>
     <Number>3</Number>
     <ActiveRow>11</ActiveRow>
     <ActiveCol>3</ActiveCol>
    </Pane>
   </Panes>
   <ProtectObjects>False</ProtectObjects>
   <ProtectScenarios>False</ProtectScenarios>
  </WorksheetOptions>
 </Worksheet>
</Workbook>
